metric,zero-shot,few-shot
mean,0.44174446981114845,0.5109834330921903
median,0.46333374122564075,0.5021050999810114
std,0.16169810284225655,0.17220365277731944
